Fonte,Termo,T√≠tulo,Link
G1,CPI das BETs,"Virg√≠nia Fonseca faz 'publi' ap√≥s CPI das Bets... gerou cr√≠tica nas redes. 
Initial plugin text
NaCPIdasBets, a influenciadora Virginia Fonseca foi questionada pelos senadores...‚Äî... Instagram pouco ap√≥s deixar a Comiss√£o Parlamentar de Inqu√©rito (CPI) das Apostas Esportivas, na tarde desta ter√ßa-feira (13...h√° 21 horas",//g1.globo.com/busca/click?q=cpi+das+bets+CPI+das+BETs&p=1&r=1748036079261&u=https%3A%2F%2Fg1.globo.com%2Fpop-arte%2Fnoticia%2F2025%2F05%2F13%2Fvirginia-fonseca-faz-publi-apos-cpi-das-bets.ghtml&syn=False&key=db0c7017493521f86792b05fbec40f1e
G1,CPI das BETs,"CPI das Bets convoca influenciador Carlinhos Maia e pede an√°lis...ACPIdasBetsno Senado aprovou nesta quarta-feira (21) a convoca√ß√£o do influenciador digital Carlinhos Maia. Ele ser√° ouvido...‚Äî... como testemunha pela comiss√£o.
O requerimento, de autoria da relatora daCPI, Soraya Thronicke (Podemos-MS), menciona os mais de 34...h√° 21 horas",//g1.globo.com/busca/click?q=cpi+das+bets+CPI+das+BETs&p=3&r=1748036079264&u=https%3A%2F%2Fg1.globo.com%2Fpolitica%2Fnoticia%2F2025%2F05%2F21%2Fcpi-das-bets-convoca-influenciador-carlinhos-maia-e-pede-analise-de-financas-de-virginia-fonseca.ghtml&syn=False&key=30b4eac9f798ec806f85adfba9fbcb89
G1,CPI das BETs,"Entenda em 5 pontos por que Virg√≠nia foi √† CPI das Bets e o que...'N√£o fiquei milion√°ria combets', diz Virg√≠nia Fonseca emCPIA influenciadora digital Virg√≠nia Fonseca prestou depoimento nesta...‚Äî... ter√ßa-feira (13) √† Comiss√£o Parlamentar de Inqu√©rito (CPI) dasBets, no Senado. 
Convocada como testemunha, ela foi questionada...h√° 21 horas",//g1.globo.com/busca/click?q=cpi+das+bets+CPI+das+BETs&p=4&r=1748036079266&u=https%3A%2F%2Fg1.globo.com%2Fpolitica%2Fnoticia%2F2025%2F05%2F13%2Fentenda-em-5-pontos-por-que-virginia-foi-a-cpi-das-bets-e-o-que-ela-disse.ghtml&syn=False&key=42c21259d4c94f6e159f19ba9fb69735
G1,CPI das BETs,"√Ä CPI das Bets, influenciadora Virginia Fonseca diz n√£o se arre...Influenciadora Virginia Fonseca chega para depor √†CPIdasBetsno Senado
A influenciadora Virginia Fonseca disse nesta ter√ßa...‚Äî...-feira (13) √† Comiss√£o Parlamentar de Inqu√©rito (CPI) dasBetsque n√£o se arrepende dos an√∫ncios que fez para empresas de apostas...h√° 21 horas",//g1.globo.com/busca/click?q=cpi+das+bets+CPI+das+BETs&p=5&r=1748036079268&u=https%3A%2F%2Fg1.globo.com%2Fpolitica%2Fnoticia%2F2025%2F05%2F13%2Fa-cpi-das-bets-influenciadora-virginia-fonseca-diz-nao-se-arrepender-de-propagandas-e-nao-ter-como-socorrer-seguidores.ghtml&syn=False&key=b35c53a902420423a51b09274b498751
G1,CPI das BETs,"Depoimento de Virginia Fonseca na CPI das BetsDepoimento de Virginia Fonseca naCPIdasBetsInfluenciadora foi convidada como testemunha e justificou que sempre coloca...‚Äî... alertas sobre jogo respons√°vel em seus an√∫ncios. Influenciadora Virginia Fonseca prestou depoimento  √†CPIdasBets, negou 'cl√°usula...13/05/2025 18h04",//g1.globo.com/busca/click?q=cpi+das+bets+CPI+das+BETs&p=15&r=1748036079286&u=https%3A%2F%2Fg1.globo.com%2Fpolitica%2Fao-vivo%2Fcpi-bets-ouve-influenciadora-virginia-fonseca.ghtml&syn=False&key=37fa133d169d6eb75ac6ad36025027de
G1,cassino online,"Virg√≠nia Fonseca faz 'publi' ap√≥s CPI das Bets... gerou cr√≠tica nas redes. 
Initial plugin text
NaCPIdasBets, a influenciadora Virginia Fonseca foi questionada pelos senadores...‚Äî... daCPIa respeito dos contratos e dos trabalhos de influenciadores para promover casas de apostas e jogos de azaronline.
Ao longo...h√° 21 horas",//g1.globo.com/busca/click?q=cpi+das+bets+cassino+online&p=1&r=1748036080328&u=https%3A%2F%2Fg1.globo.com%2Fpop-arte%2Fnoticia%2F2025%2F05%2F13%2Fvirginia-fonseca-faz-publi-apos-cpi-das-bets.ghtml&syn=False&key=2ca20dd0f31183f0192b947d97e82f9a
G1,cassino online,"√Ä CPI das Bets, influenciadora Virginia Fonseca diz n√£o se arre...... em novembro passado, aCPIinvestiga:
a influ√™ncia das apostasonlineno or√ßamento das fam√≠lias brasileiras;
a poss√≠vel associa√ß√£o dasbets...‚ÄîInfluenciadora Virginia Fonseca chega para depor √†CPIdasBetsno Senado
A influenciadora Virginia Fonseca disse nesta ter√ßa...h√° 21 horas",//g1.globo.com/busca/click?q=cpi+das+bets+cassino+online&p=5&r=1748036080335&u=https%3A%2F%2Fg1.globo.com%2Fpolitica%2Fnoticia%2F2025%2F05%2F13%2Fa-cpi-das-bets-influenciadora-virginia-fonseca-diz-nao-se-arrepender-de-propagandas-e-nao-ter-como-socorrer-seguidores.ghtml&syn=False&key=fc216124f274fa1755d038c5db99d5e7
G1,cassino online,"Virginia na CPI das Bets: moletom com foto da filha e falas da ...A relatora daCPIdasBets, senadora Soraya Thronicke (Podemos-MS), e o presidente da Comiss√£o, senador Dr. Hiran (PP-RR), ouvem...‚Äî... Fonseca foi o assunto mais comentado da internet na tarde desta ter√ßa-feira (13). Ela prestou depoimento naCPIdasBetse chamou...13/05/2025 19h39",//g1.globo.com/busca/click?q=cpi+das+bets+cassino+online&p=13&r=1748036080348&u=https%3A%2F%2Fg1.globo.com%2Fgo%2Fgoias%2Fnoticia%2F2025%2F05%2F13%2Fvirginia-na-cpi-das-bets-moletom-com-foto-da-filha-e-falas-da-influenciadora-em-depoimento-sao-os-assuntos-mais-comentados-das-redes-sociais.ghtml&syn=False&key=83ef18eabb26aef5824faf066ea9f4cc
G1,cassino online,"Senador pede 'selfie' com Virginia Fonseca durante CPI das BetsSenador interrompeCPIdasBetspara tirar foto com Virg√≠nia Fonseca
Durante a sess√£o da Comiss√£o Parlamentar de Inqu√©rito (CPI...‚Äî... com Virg√≠nia Fonseca duranteCPIdasbetsReprodu√ß√£o/TV Senado
Convoca√ß√£o
Virginia Fonseca foi convocada a depor em dezembro do ano passado...13/05/2025 15h57",//g1.globo.com/busca/click?q=cpi+das+bets+cassino+online&p=14&r=1748036080350&u=https%3A%2F%2Fg1.globo.com%2Fpolitica%2Fnoticia%2F2025%2F05%2F13%2Fsenador-pede-foto-selfie-com-virgilia-fonseca-durante-cpi-das-bets.ghtml&syn=False&key=014edb5d60e621a2b5c2728bf878728a
G1,apostas esportivas,"Virg√≠nia Fonseca faz 'publi' ap√≥s CPI das Bets... Instagram pouco ap√≥s deixar a Comiss√£o Parlamentar de Inqu√©rito (CPI) dasApostasEsportivas, na tarde desta ter√ßa-feira (13...‚Äî... gerou cr√≠tica nas redes. 
Initial plugin text
NaCPIdasBets, a influenciadora Virginia Fonseca foi questionada pelos senadores...h√° 20 horas",//g1.globo.com/busca/click?q=cpi+das+bets+apostas+esportivas&p=1&r=1748035374124&u=https%3A%2F%2Fg1.globo.com%2Fpop-arte%2Fnoticia%2F2025%2F05%2F13%2Fvirginia-fonseca-faz-publi-apos-cpi-das-bets.ghtml&syn=False&key=5c1220138badce09c7f9644988ab3a5a
G1,apostas esportivas,"√Ä CPI das Bets, influenciadora Virginia Fonseca diz n√£o se arre......-feira (13) √† Comiss√£o Parlamentar de Inqu√©rito (CPI) dasBetsque n√£o se arrepende dos an√∫ncios que fez para empresas deapostas...‚Äî... em novembro passado, aCPIinvestiga:
a influ√™ncia dasapostasonline no or√ßamento das fam√≠lias brasileiras;
a poss√≠vel associa√ß√£o dasbets...h√° 20 horas",//g1.globo.com/busca/click?q=cpi+das+bets+apostas+esportivas&p=2&r=1748035374127&u=https%3A%2F%2Fg1.globo.com%2Fpolitica%2Fnoticia%2F2025%2F05%2F13%2Fa-cpi-das-bets-influenciadora-virginia-fonseca-diz-nao-se-arrepender-de-propagandas-e-nao-ter-como-socorrer-seguidores.ghtml&syn=False&key=384c5c8262a6d0f1b905769874db9df6
G1,apostas esportivas,"Virginia na CPI das Bets: moletom com foto da filha e falas da ...... dar depoimento sobre seu envolvimento na promo√ß√£o de sites deapostasesportivasonline. Segundo a convoca√ß√£o daCPIno Senado...‚ÄîA relatora daCPIdasBets, senadora Soraya Thronicke (Podemos-MS), e o presidente da Comiss√£o, senador Dr. Hiran (PP-RR), ouvem...13/05/2025 19h39",//g1.globo.com/busca/click?q=cpi+das+bets+apostas+esportivas&p=3&r=1748035374130&u=https%3A%2F%2Fg1.globo.com%2Fgo%2Fgoias%2Fnoticia%2F2025%2F05%2F13%2Fvirginia-na-cpi-das-bets-moletom-com-foto-da-filha-e-falas-da-influenciadora-em-depoimento-sao-os-assuntos-mais-comentados-das-redes-sociais.ghtml&syn=False&key=40f3a43ca19c4591ead7f5693177262f
G1,apostas esportivas,"Senador pede 'selfie' com Virginia Fonseca durante CPI das BetsSenador interrompeCPIdasBetspara tirar foto com Virg√≠nia Fonseca
Durante a sess√£o da Comiss√£o Parlamentar de Inqu√©rito (CPI...‚Äî...) dasApostasEsportivasna manh√£ desta ter√ßa-feira (13), o senador Cleitinho Azevedo (Republicanos-MG) pediu para tirar uma foto...13/05/2025 15h57",//g1.globo.com/busca/click?q=cpi+das+bets+apostas+esportivas&p=7&r=1748035374141&u=https%3A%2F%2Fg1.globo.com%2Fpolitica%2Fnoticia%2F2025%2F05%2F13%2Fsenador-pede-foto-selfie-com-virgilia-fonseca-durante-cpi-das-bets.ghtml&syn=False&key=743ef5d1305899f7afec1fa3eef23a46
G1,apostas esportivas,"Virginia vai √† CPI das Bets do Senado nesta ter√ßa-feira, confir...... n√£o comparecer √†CPIda Manipula√ß√£o de Jogos eApostasEsportivasem 2024. 
VEJA TAMB√âM: Su√≠te maior que apartamento: confira...‚Äî... (CPI) dasBets, marcada para esta ter√ßa-feira (13), confirmou a assessoria. Ela foi convocada para dar depoimento...13/05/2025 13h57",//g1.globo.com/busca/click?q=cpi+das+bets+apostas+esportivas&p=8&r=1748035374143&u=https%3A%2F%2Fg1.globo.com%2Fgo%2Fgoias%2Fnoticia%2F2025%2F05%2F13%2Fvirginia-vai-a-cpi-das-bets-do-senado-nesta-terca-feira-confirma-assessoria.ghtml&syn=False&key=6064ece6a93204805851cffd008b6511
G1,apostas esportivas,"Entenda em 5 pontos por que Virg√≠nia foi √† CPI das Bets e o que...... a influenciadora.
'N√£o fiquei milion√°ria combets', diz Virg√≠nia Fonseca emCPI3. Alertas sobre os riscos dasapostas...‚Äî...?
Ap√≥s o depoimento, aCPIdasBetscontinuar√° ouvindo outros influenciadores e representantes de casas deapostas. A investiga√ß√£o busca...h√° 20 horas",//g1.globo.com/busca/click?q=cpi+das+bets+apostas+esportivas&p=10&r=1748035374147&u=https%3A%2F%2Fg1.globo.com%2Fpolitica%2Fnoticia%2F2025%2F05%2F13%2Fentenda-em-5-pontos-por-que-virginia-foi-a-cpi-das-bets-e-o-que-ela-disse.ghtml&syn=False&key=5125f58123ad12fa47be628f6b05f558
G1,apostas esportivas,"Virginia Fonseca nega √† CPI das Bets 'cl√°usula da desgra√ßa' em ...... Virginia Fonseca disse √†CPIdasBetsque n√£o se arrepende dos an√∫ncios que fez para empresas deapostase que n√£o tem como ajudar...‚ÄîInfluenciadora Virginia Fonseca chega para depor √†CPIdasBetsno Senado
A influenciadora Virginia Fonseca prestou depoimento...13/05/2025 20h07",//g1.globo.com/busca/click?q=cpi+das+bets+apostas+esportivas&p=11&r=1748035374149&u=https%3A%2F%2Fg1.globo.com%2Fpolitica%2Fnoticia%2F2025%2F05%2F13%2Finfluenciadora-virginia-fonseca-depoe-a-cpi-das-bets-com-aval-para-ficar-em-silencio.ghtml&syn=False&key=4401f8260d14647c341b6bc34d348730
G1,apostas esportivas,"CPI das Bets convoca influenciador Carlinhos Maia e pede an√°lis...ACPIdasBetsno Senado aprovou nesta quarta-feira (21) a convoca√ß√£o do influenciador digital Carlinhos Maia. Ele ser√° ouvido...‚Äî... como testemunha pela comiss√£o.
O requerimento, de autoria da relatora daCPI, Soraya Thronicke (Podemos-MS), menciona os mais de 34...h√° 20 horas",//g1.globo.com/busca/click?q=cpi+das+bets+apostas+esportivas&p=12&r=1748035374152&u=https%3A%2F%2Fg1.globo.com%2Fpolitica%2Fnoticia%2F2025%2F05%2F21%2Fcpi-das-bets-convoca-influenciador-carlinhos-maia-e-pede-analise-de-financas-de-virginia-fonseca.ghtml&syn=False&key=b1be9907e305d51411ce9753585d397e
G1,apostas esportivas,"CPI das Bets marca depoimento da influenciadora Virginia Fonsec...... sobre seu envolvimento na promo√ß√£o de sites deapostasesportivas. A presen√ßa da influenciadora naCPI√© aguardada com expectativa...‚Äî... s√£o menores de idade ou pessoas vulner√°veis a problemas com jogos.
Relatoraapontafalso testemunho, eCPIdasBetsdo Senado...07/05/2025 22h31",//g1.globo.com/busca/click?q=cpi+das+bets+apostas+esportivas&p=13&r=1748035374155&u=https%3A%2F%2Fg1.globo.com%2Fpolitica%2Fnoticia%2F2025%2F05%2F07%2Fcpi-das-bets-marca-depoimento-da-influenciadora-virginia-fonseca-para-a-proxima-semana.ghtml&syn=False&key=88e7661f33257288f06931056ba65787
G1,jogos de azar,"Virg√≠nia Fonseca faz 'publi' ap√≥s CPI das Bets... daCPIa respeito dos contratos e dos trabalhos de influenciadores para promover casas de apostas ejogosdeazaronline.
Ao longo...‚Äî... gerou cr√≠tica nas redes. 
Initial plugin text
NaCPIdasBets, a influenciadora Virginia Fonseca foi questionada pelos senadores...h√° 21 horas",//g1.globo.com/busca/click?q=cpi+das+bets+jogos+de+azar&p=1&r=1748036082465&u=https%3A%2F%2Fg1.globo.com%2Fpop-arte%2Fnoticia%2F2025%2F05%2F13%2Fvirginia-fonseca-faz-publi-apos-cpi-das-bets.ghtml&syn=False&key=04c4c547702cdecf922073601a195d8a
G1,jogos de azar,"CPI das Bets convoca influenciador Carlinhos Maia e pede an√°lis...... digitais, como Virg√≠nia Fonseca, na promo√ß√£o dejogosdeazar,bemcomo avaliar a necessidade de uma regulamenta√ß√£o mais rigorosa...‚ÄîACPIdasBetsno Senado aprovou nesta quarta-feira (21) a convoca√ß√£o do influenciador digital Carlinhos Maia. Ele ser√° ouvido...h√° 21 horas",//g1.globo.com/busca/click?q=cpi+das+bets+jogos+de+azar&p=4&r=1748036082471&u=https%3A%2F%2Fg1.globo.com%2Fpolitica%2Fnoticia%2F2025%2F05%2F21%2Fcpi-das-bets-convoca-influenciador-carlinhos-maia-e-pede-analise-de-financas-de-virginia-fonseca.ghtml&syn=False&key=0a083aeba46c5b6bdd38fcb3e21a4de6
G1,jogos de azar,"√Ä CPI das Bets, influenciadora Virginia Fonseca diz n√£o se arre...... para uma organiza√ß√£o estrangeira que opera ilegalmentejogosdeazarno Brasil.
ACPIdasBetsconsidera como essenciais...‚Äî.... Eu n√£o tenho‚Ä¶ Ent√£o, a√≠, t√° complicado"", disse Virg√≠nia.
üîç ACPIinvestiga a promo√ß√£o dejogosdeazaronline feita...h√° 21 horas",//g1.globo.com/busca/click?q=cpi+das+bets+jogos+de+azar&p=5&r=1748036082473&u=https%3A%2F%2Fg1.globo.com%2Fpolitica%2Fnoticia%2F2025%2F05%2F13%2Fa-cpi-das-bets-influenciadora-virginia-fonseca-diz-nao-se-arrepender-de-propagandas-e-nao-ter-como-socorrer-seguidores.ghtml&syn=False&key=c72b7a3d9413b0acc386f219128c7fd4
G1,jogos de azar,"CPI das Bets marca depoimento da influenciadora Virginia Fonsec...... popular.
O que est√° emjogo?
ACPIdasBetsbusca esclarecer como influenciadores digitais estariam incentivando o p√∫blico...‚Äî... s√£o menores de idade ou pessoas vulner√°veis a problemas comjogos.
Relatora aponta falso testemunho, eCPIdasBetsdo Senado...07/05/2025 22h31",//g1.globo.com/busca/click?q=cpi+das+bets+jogos+de+azar&p=6&r=1748036082475&u=https%3A%2F%2Fg1.globo.com%2Fpolitica%2Fnoticia%2F2025%2F05%2F07%2Fcpi-das-bets-marca-depoimento-da-influenciadora-virginia-fonseca-para-a-proxima-semana.ghtml&syn=False&key=1de131d2ce1673a9cd0179bf02d9c4a1
G1,jogos de azar,"Rico Melquiades mostra a senadores da CPI das Bets como apostar...... daCPIdasBetsnesta quarta-feira (14) como faz para apostar noJogodo Tigrinho. 
Ele foi convocado pela Comiss√£o Parlamentar...‚Äî... daCPIa apostar. 
Influenciador Rico Melqu√≠ades mostra 'Jogodo Tigrinho' a senadores naCPIdasBetsKevin Lima/g1...14/05/2025 16h59",//g1.globo.com/busca/click?q=cpi+das+bets+jogos+de+azar&p=7&r=1748036082477&u=https%3A%2F%2Fg1.globo.com%2Fpolitica%2Fnoticia%2F2025%2F05%2F14%2Fem-cpi-influenciador-mostra-a-senadores-como-jogar-no-tigrinho.ghtml&syn=False&key=155ca90a2afab4aec0796ff9c93f25ea
G1,jogos de azar,Virginia Fonseca: por que CPI das Bets deve ouvir influenciador...... questionada pelos senadores a respeito de propagandas debetsejogosdeazarveiculadas por ela nas redes sociais. A influenciadora...‚ÄîA Comiss√£o Parlamentar de Inqu√©rito (CPI) dasBetsmarcou para esta ter√ßa-feira (13) o depoimento da influenciadora digital...13/05/2025 13h05,//g1.globo.com/busca/click?q=cpi+das+bets+jogos+de+azar&p=14&r=1748036082491&u=https%3A%2F%2Fg1.globo.com%2Fpolitica%2Fnoticia%2F2025%2F05%2F13%2Fcpi-das-bets-deve-ouvir-influenciadora-virginia-fonseca-nesta-terca-feira.ghtml&syn=False&key=e712e25bd50584a7fd6919a0881f73e0
G1,jogos de azar,"Senador pede 'selfie' com Virginia Fonseca durante CPI das BetsSenador interrompeCPIdasBetspara tirar foto com Virg√≠nia Fonseca
Durante a sess√£o da Comiss√£o Parlamentar de Inqu√©rito (CPI...‚Äî... ejogosdeazaronline. Ela estava acompanhada do marido, o cantor Z√© Felipe, filho do sertanejo Leonardo.
""Eu sou influencer, virei...13/05/2025 15h57",//g1.globo.com/busca/click?q=cpi+das+bets+jogos+de+azar&p=15&r=1748036082493&u=https%3A%2F%2Fg1.globo.com%2Fpolitica%2Fnoticia%2F2025%2F05%2F13%2Fsenador-pede-foto-selfie-com-virgilia-fonseca-durante-cpi-das-bets.ghtml&syn=False&key=e8f6a9d91863625068f1d9a35be72ddd
